arm,seed,target_key,mean_pairwise_distance,self_bleu
A,0,qwen05,0.9654273349189723,0.030068562049747588
A,0,smol036,0.9457017581645983,0.040612836972619075
B,0,qwen05,0.9398529942598244,0.3696519208661402
B,0,smol036,0.9394230888178464,0.40581148932418165
C,0,qwen05,0.9288344867173705,0.4389808282435343
C,0,smol036,0.9240022576602377,0.4072772649439603
D,0,qwen05,0.9379885408450626,0.6766174388415005
D,0,smol036,0.8974805990634371,0.5186898691404573
E,0,qwen05,0.9216451941872958,0.5330717483026082
E,0,smol036,0.9217630529524079,0.3620168755042464
F,0,qwen05,0.9240299925964873,0.5491382475538578
F,0,smol036,0.9309177704560719,0.6284621846003612
